Noida,Rawalpindi,132,Noida,48,Noida,48,Lucknow,106,Lucknow,82,Rawalpindi,95,Noida,129,Noida,129,Noida,78,Noida,78,Delhi,94
Rawalpindi,Noida,132,Delhi,64,Lucknow,137,Lucknow,53,Lucknow,96,Rawalpindi,127,Rawalpindi,127,Kottayam,56,Delhi,66,Delhi,73,Lucknow,42,Noida,95,Delhi,146,Delhi,109
Delhi,Lucknow,121,Rawalpindi,64,Lucknow,130,Rawalpindi,66,Rawalpindi,73,Lucknow,76,Lucknow,86,Kottayam,68,Rawalpindi,146,Noida,94,Rawalpindi,109,Kottayam,149
Lucknow,Delhi,121,Kottayam,128,Delhi,130,Rawalpindi,137,Rawalpindi,53,Lucknow,52,Lucknow,52,Rawalpindi,96,Noida,106,Rawalpindi,42,Noida,82,Delhi,76,Delhi,86,Kottayam,99
Kottayam,Kottayam,142,Kottayam,142,Lucknow,128,Rawalpindi,56,Kottayam,32,Kottayam,32,Delhi,68,Delhi,149,Lucknow,99
